id,value
flare,
flare.analytics,
flare.analytics.cluster,
flare.analytics.cluster.AgglomerativeCluster,
flare.analytics.cluster.CommunityStructure,
flare.analytics.cluster.HierarchicalCluster,
flare.analytics.cluster.MergeEdge,
flare.analytics.graph,
flare.analytics.graph.BetweennessCentrality,
flare.analytics.graph.LinkDistance,
flare.analytics.graph.MaxFlowMinCut,
flare.analytics.graph.ShortestPaths,
flare.analytics.graph.SpanningTree,
flare.analytics.optimization,
flare.analytics.optimization.AspectRatioBanker,
flare.animate,
flare.animate.Easing,
flare.animate.FunctionSequence,
flare.animate.interpolate,
flare.animate.interpolate.ArrayInterpolator,
flare.animate.interpolate.ColorInterpolator,
flare.animate.interpolate.DateInterpolator,
flare.animate.interpolate.Interpolator,
flare.animate.interpolate.MatrixInterpolator,
flare.animate.interpolate.NumberInterpolator,
flare.animate.interpolate.ObjectInterpolator,
flare.animate.interpolate.PointInterpolator,
